customer_id,frequency,recency,avg_order_value,total_value,predicted_ltv,segment
C0001,16,6,209.428125,3350.85,3343.994299999998,High
C0002,9,141,121.88666666666667,1096.98,1095.8188999999998,Low
C0003,9,171,185.08555555555554,1665.77,1665.5884999999994,Medium
C0004,5,65,180.152,900.76,904.1740999999995,Low
C0005,9,38,141.9388888888889,1277.45,1276.6390999999994,Low
C0006,7,253,166.74285714285716,1167.2,1166.8461999999981,Low
C0007,11,12,170.86636363636364,1879.53,1878.584299999999,Medium
C0008,13,11,248.97,3236.61,3232.6122999999952,High
C0009,6,16,229.1,1374.6,1375.579800000001,Low
C0010,13,104,129.75615384615384,1686.83,1686.8304999999993,Medium
C0011,6,62,167.03166666666667,1002.19,998.1878999999993,Low
C0012,18,52,237.78,4280.04,4268.630099999995,High
C0013,14,169,189.07285714285715,2647.02,2646.9580999999966,Medium
C0014,10,49,210.381,2103.81,2105.129099999999,Medium
C0015,9,59,164.28666666666666,1478.58,1478.9942999999992,Low
C0016,8,144,135.43625,1083.49,1083.1976000000009,Low
C0017,13,59,232.63615384615383,3024.27,3027.0018999999984,High
C0018,7,54,252.34285714285713,1766.3999999999999,1767.650299999997,Medium
C0019,15,46,231.15733333333336,3467.36,3465.9866999999936,High
C0020,10,186,168.697,1686.97,1687.3784000000005,Medium
C0021,11,135,151.8309090909091,1670.14,1669.5490000000011,Medium
C0022,15,1,223.26466666666664,3348.97,3344.981899999996,High
C0023,8,16,137.0075,1096.06,1095.7066,Low
C0024,2,541,220.135,440.27,419.25179999999983,Low
C0025,16,133,212.58875,3401.42,3402.776700000002,High
C0026,8,0,184.56625,1476.53,1478.158999999999,Low
C0027,8,101,221.55375,1772.43,1771.490199999997,Medium
C0028,9,31,200.46333333333334,1804.17,1805.2242000000012,Medium
C0029,11,13,278.14818181818185,3059.63,3057.5091000000016,High
C0030,7,15,120.8157142857143,845.71,850.1208000000003,Low
C0031,6,56,107.84833333333331,647.0899999999999,655.2034999999995,Low
C0032,6,110,159.87833333333333,959.27,960.2028999999999,Low
C0033,6,332,190.715,1144.29,1146.5378999999984,Low
C0034,4,153,268.15999999999997,1072.6399999999999,1074.1254999999994,Low
C0035,11,30,169.08454545454546,1859.93,1858.9577999999976,Medium
C0036,6,208,284.885,1709.31,1709.264899999999,Medium
C0037,6,21,182.655,1095.93,1097.2416999999987,Low
C0038,6,610,186.78666666666666,1120.72,1118.1263000000001,Low
C0039,19,0,191.94052631578947,3646.87,3647.764899999995,High
C0040,10,80,164.727,1647.27,1647.7419999999993,Medium
C0041,12,12,160.92,1931.04,1932.0473000000018,Medium
C0042,9,199,162.39555555555555,1461.56,1462.182799999999,Low
C0043,12,74,193.27166666666668,2319.26,2318.557500000002,Medium
C0044,10,127,170.62800000000001,1706.2800000000002,1706.233099999999,Medium
C0045,7,40,189.1242857142857,1323.87,1327.5478000000005,Low
C0046,7,466,165.81857142857143,1160.73,1162.0951999999993,Low
C0047,12,65,173.65833333333333,2083.9,2084.2204999999976,Medium
C0048,8,53,199.4575,1595.66,1595.8837000000024,Medium
C0049,11,52,215.70909090909092,2372.8,2374.087499999997,Medium
C0050,9,276,206.09555555555553,1854.86,1853.4195999999984,Medium
C0051,8,659,163.70625,1309.65,1310.4032999999988,Low
C0052,4,74,194.7175,778.87,780.0910999999999,Low
C0053,11,108,172.53363636363636,1897.87,1898.1537999999994,Medium
C0054,12,176,178.50583333333336,2142.07,2142.0342000000032,Medium
C0055,6,166,190.45833333333334,1142.75,1146.971499999999,Low
C0056,9,26,188.29555555555555,1694.66,1696.815700000002,Medium
C0057,6,243,184.50333333333333,1107.02,1108.3530000000005,Low
C0058,12,58,202.765,2433.18,2433.6797999999962,Medium
C0059,14,1,191.79500000000002,2685.13,2684.9468000000015,Medium
C0060,7,29,131.87428571428572,923.12,924.3498000000004,Low
C0061,7,48,158.33857142857144,1108.3700000000001,1107.1069000000002,Low
C0062,6,6,168.665,1011.99,1011.1094000000008,Low
C0063,10,3,201.601,2016.01,2017.0087000000008,Medium
C0064,6,75,157.29833333333332,943.79,940.9269,Low
C0065,14,12,211.40142857142857,2959.62,2962.8758999999977,Medium
C0066,8,8,219.6775,1757.42,1758.7637000000009,Medium
C0067,5,51,173.174,865.87,870.8991999999997,Low
C0068,9,380,167.28,1505.52,1503.751400000001,Medium
C0069,15,25,204.54933333333335,3068.2400000000002,3071.0547999999976,High
C0070,8,238,156.1025,1248.82,1249.572800000002,Low
C0071,7,266,158.7057142857143,1110.94,1109.2878,Low
C0072,10,46,315.394,3153.94,3153.4309000000007,High
C0073,19,148,182.32736842105265,3464.2200000000003,3467.0849999999964,High
C0074,8,179,181.90375,1455.23,1454.1016,Low
C0075,16,206,199.1375,3186.2,3183.595400000004,High
C0076,12,70,242.8033333333333,2913.64,2915.068200000003,Medium
C0077,4,199,236.0025,944.01,941.4145000000001,Low
C0078,10,88,186.868,1868.68,1867.938699999997,Medium
C0079,14,0,166.71571428571428,2334.02,2334.7272000000007,Medium
C0080,2,197,338.735,677.47,674.6123000000006,Low
C0081,8,146,204.31875,1634.55,1635.1672999999996,Medium
C0082,11,54,227.68,2504.48,2502.7189000000026,Medium
C0083,10,15,194.269,1942.69,1942.5846000000008,Medium
C0084,14,10,167.15642857142856,2340.19,2339.6294000000016,Medium
C0085,8,214,196.84125,1574.73,1575.4856000000007,Medium
C0086,11,111,179.02363636363637,1969.26,1968.9957000000013,Medium
C0087,11,37,193.47363636363636,2128.21,2126.245900000003,Medium
C0088,11,64,173.21272727272728,1905.3400000000001,1904.0209999999995,Medium
C0089,8,77,284.385,2275.08,2277.3914000000013,Medium
C0090,14,5,138.67928571428573,1941.51,1941.4587000000017,Medium
C0091,5,490,123.59200000000001,617.96,614.6382999999998,Low
C0092,10,109,157.07,1570.7,1570.8178000000005,Medium
C0093,13,17,187.98692307692306,2443.83,2444.235799999998,Medium
C0094,5,490,119.92,599.6,599.3344999999994,Low
C0095,8,9,224.155,1793.24,1793.7190999999998,Medium
C0096,11,44,246.76999999999998,2714.47,2714.5597000000002,Medium
C0097,9,198,146.78,1321.02,1318.6940999999986,Low
C0098,9,35,178.1888888888889,1603.7,1604.0467000000003,Medium
C0099,15,126,227.89600000000002,3418.44,3417.616,High
C0100,7,157,230.3242857142857,1612.27,1612.6410999999998,Medium
C0101,11,155,165.7190909090909,1822.91,1822.9263000000014,Medium
C0102,11,90,204.6090909090909,2250.7,2247.8815999999993,Medium
C0103,8,2,222.89499999999998,1783.1599999999999,1781.707800000001,Medium
C0104,14,92,259.67285714285714,3635.42,3634.664499999999,High
C0105,7,435,207.81428571428572,1454.7,1454.2527999999993,Low
C0106,12,191,211.00666666666666,2532.08,2532.805099999995,Medium
C0107,8,133,173.8075,1390.46,1391.3760000000016,Low
C0108,10,95,174.601,1746.01,1745.9197000000004,Medium
C0109,15,181,195.922,2938.83,2937.8770999999965,Medium
C0110,5,86,82.34400000000001,411.72,409.27000000000027,Low
C0111,17,30,188.99176470588233,3212.8599999999997,3216.5546999999974,High
C0112,13,59,210.71230769230766,2739.2599999999998,2739.2667000000015,Medium
C0113,18,69,197.9,3562.2000000000003,3567.558000000006,High
C0114,10,47,211.36599999999999,2113.66,2113.6094000000026,Medium
C0115,7,257,261.8414285714286,1832.89,1832.518200000003,Medium
C0116,10,33,154.43099999999998,1544.31,1544.0209999999984,Medium
C0117,13,21,209.55153846153846,2724.17,2724.1098000000034,Medium
C0118,16,117,184.5675,2953.08,2954.722899999996,Medium
C0119,9,44,246.40666666666664,2217.66,2217.7038000000016,Medium
C0120,11,350,242.59636363636363,2668.56,2669.959599999999,Medium
C0121,6,138,199.1966666666667,1195.18,1196.5117999999984,Low
C0122,11,59,182.93363636363637,2012.27,2011.4666999999981,Medium
C0123,7,113,251.3657142857143,1759.56,1760.3104999999985,Medium
C0124,12,14,260.15416666666664,3121.85,3122.8534000000004,High
C0125,10,30,167.51000000000002,1675.1000000000001,1674.719500000002,Medium
C0126,12,343,165.34166666666667,1984.1000000000001,1983.6031000000014,Medium
C0127,11,94,176.89454545454544,1945.84,1945.2614999999983,Medium
C0128,13,87,199.48999999999998,2593.37,2593.3587999999986,Medium
C0129,16,54,259.361875,4149.79,4158.602499999995,High
C0130,17,44,223.01588235294116,3791.27,3783.406100000001,High
C0131,10,241,156.456,1564.56,1564.1469999999986,Medium
C0132,12,7,211.975,2543.7,2542.6542000000027,Medium
C0133,6,161,239.20000000000002,1435.2,1436.0779999999995,Low
C0134,11,68,238.5581818181818,2624.14,2622.151000000005,Medium
C0135,7,242,182.3557142857143,1276.49,1275.8129000000013,Low
C0136,5,65,262.438,1312.19,1311.6477000000011,Low
C0137,14,11,145.7407142857143,2040.3700000000001,2035.0515,Medium
C0138,7,98,225.41714285714286,1577.92,1577.2150000000004,Medium
C0139,10,62,146.744,1467.44,1467.5460000000012,Low
C0140,8,10,121.93625,975.49,973.1413000000003,Low
C0141,14,3,210.29642857142858,2944.15,2940.1548999999977,Medium
C0142,5,481,141.60999999999999,708.05,708.2788000000006,Low
C0143,12,57,174.00083333333336,2088.01,2087.6362000000013,Medium
C0144,14,59,159.26500000000001,2229.71,2229.079899999999,Medium
C0145,9,50,195.32555555555555,1757.93,1758.1762999999974,Medium
C0146,11,57,201.68454545454549,2218.53,2217.492300000001,Medium
C0147,13,106,210.82615384615386,2740.7400000000002,2739.999599999998,Medium
C0148,11,32,289.19,3181.09,3182.664600000001,High
C0149,11,24,190.7009090909091,2097.71,2100.0520999999994,Medium
C0150,5,309,249.094,1245.47,1247.2978000000007,Low
C0151,7,178,226.2242857142857,1583.57,1584.8215000000034,Medium
C0152,7,42,191.78857142857143,1342.52,1344.4213000000004,Low
C0153,8,161,242.0475,1936.38,1935.2528000000002,Medium
C0154,19,1,188.8642105263158,3588.42,3587.0725000000007,High
C0155,11,67,187.8,2065.8,2067.198399999999,Medium
C0156,14,148,245.91428571428574,3442.8,3445.394899999995,High
C0157,10,33,158.758,1587.5800000000002,1587.471499999999,Medium
C0158,5,695,154.794,773.97,777.1189000000003,Low
C0159,9,107,305.34777777777776,2748.13,2743.297399999998,Medium
C0160,10,150,227.91199999999998,2279.12,2279.381199999998,Medium
C0161,17,11,221.46411764705883,3764.89,3764.664900000004,High
C0162,12,166,231.45583333333335,2777.4700000000003,2774.208800000001,Medium
C0163,10,25,219.446,2194.46,2194.599399999998,Medium
C0164,13,12,206.21,2680.73,2681.3565000000012,Medium
C0165,10,7,279.86199999999997,2798.62,2799.803999999998,Medium
C0166,12,54,200.73333333333335,2408.8,2408.4490999999966,Medium
C0167,6,275,254.09166666666667,1524.55,1524.4209999999998,Medium
C0168,11,20,181.57818181818183,1997.3600000000001,1997.4117999999974,Medium
C0169,5,90,182.48399999999998,912.42,906.4593000000003,Low
C0170,8,21,212.02374999999998,1696.1899999999998,1697.0420000000022,Medium
C0171,13,271,187.14307692307693,2432.86,2432.8676999999957,Medium
C0172,10,155,173.774,1737.74,1738.1489000000004,Medium
C0173,11,36,213.16363636363639,2344.8,2345.1538999999984,Medium
C0174,3,146,103.92666666666666,311.78,321.0262999999996,Low
C0175,11,75,159.73272727272726,1757.06,1756.7597999999984,Medium
C0176,5,126,120.152,600.76,600.9693000000002,Low
C0177,12,21,123.17916666666667,1478.15,1478.9886999999974,Low
C0178,8,237,186.67125000000001,1493.3700000000001,1493.6683999999993,Low
C0179,10,117,189.577,1895.77,1895.904799999998,Medium
C0180,10,169,249.406,2494.06,2495.1110000000003,Medium
C0181,8,108,158.36625,1266.93,1266.8974999999987,Low
C0182,12,1,211.63250000000002,2539.59,2539.6792999999993,Medium
C0183,14,6,208.7357142857143,2922.3,2921.1970999999958,Medium
C0184,10,97,185.1,1851.0,1851.6924000000006,Medium
C0185,8,122,200.9325,1607.46,1607.486300000001,Medium
C0186,6,120,214.94833333333335,1289.69,1290.6193000000012,Low
C0187,12,44,159.12916666666666,1909.55,1908.5503999999994,Medium
C0188,15,43,249.42733333333334,3741.41,3763.808799999997,High
C0189,9,1,182.71666666666667,1644.45,1644.7352000000005,Medium
C0190,14,62,188.82857142857142,2643.6,2643.5302000000015,Medium
C0191,13,185,184.24923076923076,2395.24,2395.4052999999994,Medium
C0192,15,64,172.038,2580.57,2578.9589000000024,Medium
C0193,9,45,249.26777777777775,2243.41,2246.3270000000025,Medium
C0194,13,172,224.17307692307693,2914.25,2915.5534000000007,Medium
C0195,14,7,179.64071428571427,2514.97,2515.4044000000004,Medium
C0196,10,129,160.305,1603.05,1603.6068000000002,Medium
C0197,6,90,252.17499999999998,1513.05,1512.9510000000007,Medium
C0198,9,63,233.42999999999998,2100.87,2102.206099999998,Medium
C0199,8,45,212.77875,1702.23,1700.9553000000008,Medium
C0200,6,13,215.03,1290.18,1292.0490000000011,Low
C0201,15,79,161.15866666666668,2417.38,2417.4002000000005,Medium
C0202,9,292,167.00777777777776,1503.07,1502.1245000000015,Medium
C0203,8,30,224.96625,1799.73,1799.0639999999999,Medium
C0204,7,120,234.28285714285715,1639.98,1640.4445,Medium
C0205,8,444,189.1925,1513.54,1514.3556999999994,Medium
C0206,13,54,275.66692307692307,3583.67,3581.8335,High
C0207,13,105,232.47692307692307,3022.2,3025.273100000002,High
C0208,8,137,186.39499999999998,1491.1599999999999,1491.8250000000014,Low
C0209,10,24,235.4,2354.0,2355.203200000001,Medium
C0210,11,29,183.46636363636364,2018.13,2018.7767999999994,Medium
C0211,11,59,145.66,1602.26,1603.704899999999,Medium
C0212,8,13,109.8925,879.14,874.2715999999997,Low
C0213,9,335,161.3466666666667,1452.1200000000001,1451.912699999999,Low
C0214,10,160,142.143,1421.43,1420.975299999999,Low
C0215,10,112,164.349,1643.49,1644.3549000000003,Medium
C0216,12,138,161.45666666666668,1937.48,1937.1017000000013,Medium
C0217,12,25,204.14166666666665,2449.7,2449.7573000000016,Medium
C0218,13,1,186.77923076923076,2428.13,2428.423700000001,Medium
C0219,4,173,122.9475,491.79,511.7199999999996,Low
C0220,14,144,258.3021428571429,3616.23,3615.5286000000006,High
C0221,7,110,107.17142857142858,750.2,747.9149999999993,Low
C0222,9,48,185.66333333333333,1670.97,1669.5387,Medium
C0223,12,237,209.17416666666668,2510.09,2511.4886999999985,Medium
C0224,9,72,117.43666666666667,1056.93,1057.087199999998,Low
C0225,11,141,143.54999999999998,1579.05,1578.0149999999996,Medium
C0226,13,220,186.59923076923076,2425.79,2425.9041000000016,Medium
C0227,13,10,265.64307692307693,3453.36,3454.9299999999917,High
C0228,9,64,177.32666666666668,1595.94,1596.1008000000015,Medium
C0229,14,236,206.54785714285714,2891.67,2889.338000000002,Medium
C0230,8,182,208.54875,1668.39,1668.5795000000016,Medium
C0231,9,92,319.03,2871.27,2871.494499999999,Medium
C0232,10,62,225.96599999999998,2259.66,2258.6727000000024,Medium
C0233,16,54,157.909375,2526.55,2525.990199999997,Medium
C0234,5,102,256.49,1282.45,1281.4784999999993,Low
C0235,10,167,243.86399999999998,2438.64,2437.2866000000035,Medium
C0236,9,349,212.23555555555555,1910.12,1909.0632999999993,Medium
C0237,14,32,242.79357142857143,3399.11,3406.070199999994,High
C0238,7,126,161.9442857142857,1133.61,1141.4819000000007,Low
C0239,12,63,178.4375,2141.25,2141.432100000001,Medium
C0240,2,516,134.775,269.55,267.27369999999956,Low
C0241,6,342,142.07166666666666,852.43,853.2958999999989,Low
C0242,12,208,239.32583333333335,2871.9100000000003,2872.342,Medium
C0243,6,286,221.96333333333334,1331.78,1332.1840999999995,Low
C0244,6,215,305.37166666666667,1832.23,1832.1028000000024,Medium
C0245,9,19,219.25333333333333,1973.28,1972.7322000000017,Medium
C0246,10,248,221.429,2214.29,2214.2656000000006,Medium
C0247,15,5,164.11733333333333,2461.76,2461.4017000000017,Medium
C0248,9,36,160.8,1447.2,1447.0914999999993,Low
C0249,5,253,319.038,1595.19,1595.9325000000017,Medium
C0250,8,2,418.2825,3346.26,3346.9489000000017,High
C0251,12,127,184.41083333333333,2212.93,2213.406699999997,Medium
C0252,6,677,221.16666666666666,1327.0,1327.3292000000008,Low
C0253,14,26,144.25785714285715,2019.61,2020.6227999999976,Medium
C0254,12,3,121.03833333333334,1452.46,1452.0049000000008,Low
C0255,4,233,196.38,785.52,782.5190999999999,Low
C0256,10,96,203.15,2031.5,2031.3909999999994,Medium
C0257,5,39,124.50399999999999,622.52,614.6479999999998,Low
C0258,7,224,172.04142857142855,1204.29,1206.2497999999985,Low
C0259,7,221,142.9857142857143,1000.9000000000001,1000.4163999999994,Low
C0260,13,147,183.0946153846154,2380.23,2377.9629999999993,Medium
C0261,10,20,217.695,2176.95,2171.458599999998,Medium
C0262,8,140,178.6475,1429.18,1429.9100999999991,Low
C0263,7,76,124.25428571428571,869.78,870.1661999999993,Low
C0264,8,46,178.42874999999998,1427.4299999999998,1427.6550999999974,Low
C0265,10,2,154.281,1542.81,1542.8120999999978,Medium
C0266,9,225,215.53,1939.77,1941.9687,Medium
C0267,9,28,199.99222222222224,1799.93,1798.9318999999982,Medium
C0268,16,50,182.8125,2925.0,2924.8172999999974,Medium
C0269,8,30,181.25625,1450.05,1451.1954000000003,Low
C0270,12,116,165.3841666666667,1984.6100000000001,1984.9105999999977,Medium
C0271,12,58,214.54,2574.48,2574.761700000003,Medium
C0272,7,26,137.49714285714285,962.48,960.7665000000002,Low
C0273,19,13,216.1836842105263,4107.49,4139.782699999996,High
C0274,10,58,262.245,2622.4500000000003,2621.693400000005,Medium
C0275,6,28,205.95833333333334,1235.75,1235.4889000000005,Low
C0276,10,105,147.631,1476.31,1476.9906999999994,Low
C0277,14,189,191.63071428571428,2682.83,2682.3842999999983,Medium
C0278,13,216,225.73846153846154,2934.6,2935.9000999999967,Medium
C0279,8,46,169.2975,1354.38,1350.688900000001,Low
C0280,7,94,190.6457142857143,1334.52,1334.3368000000007,Low
C0281,7,180,169.6885714285714,1187.82,1187.031299999999,Low
C0282,8,57,135.21875,1081.75,1082.7989999999998,Low
C0283,18,103,165.52555555555557,2979.46,2977.8202999999985,Medium
C0284,10,11,196.887,1968.8700000000001,1969.6485999999986,Medium
C0285,11,71,184.85090909090908,2033.36,2033.6453999999958,Medium
C0286,7,66,168.0957142857143,1176.67,1176.8932999999993,Low
C0287,12,325,184.24833333333333,2210.98,2212.064900000001,Medium
C0288,13,57,123.49461538461537,1605.4299999999998,1605.590399999998,Medium
C0289,15,51,194.31599999999997,2914.74,2914.7958999999973,Medium
C0290,5,76,288.434,1442.17,1439.8445,Low
C0291,8,41,254.685,2037.48,2036.9517000000033,Medium
C0292,6,127,233.63,1401.78,1402.0613999999998,Low
C0293,9,42,174.48666666666668,1570.38,1570.409200000001,Medium
C0294,13,68,186.79076923076926,2428.28,2428.6303999999996,Medium
C0295,9,47,145.1577777777778,1306.42,1310.730799999999,Low
C0296,14,6,226.71785714285716,3174.05,3178.1120999999966,High
C0297,3,157,178.4433333333333,535.3299999999999,520.6226999999996,Low
C0298,9,3,211.07000000000002,1899.63,1899.3797000000015,Medium
C0299,4,171,116.855,467.42,472.21979999999974,Low
C0300,5,153,222.85999999999999,1114.3,1115.5664999999995,Low
C0301,10,0,148.459,1484.59,1483.2774999999979,Low
C0302,15,29,155.58533333333335,2333.78,2334.7747,Medium
C0303,14,122,228.75857142857143,3202.62,3205.736599999997,High
C0304,11,68,172.1381818181818,1893.52,1894.1655999999982,Medium
C0305,11,12,201.33363636363637,2214.67,2214.351700000003,Medium
C0306,10,181,179.789,1797.8899999999999,1797.4920000000022,Medium
C0307,5,341,131.464,657.3199999999999,663.9870999999998,Low
C0308,9,114,162.89333333333332,1466.04,1467.553500000001,Low
C0309,9,124,184.9388888888889,1664.45,1664.1674000000005,Medium
C0310,8,153,154.695,1237.56,1232.4963000000016,Low
C0311,9,150,235.90444444444444,2123.14,2125.9373000000032,Medium
C0312,6,488,221.19333333333336,1327.16,1327.3932000000016,Low
C0313,13,34,225.9923076923077,2937.9,2937.0581999999977,Medium
C0314,15,152,143.10066666666668,2146.51,2145.7020000000034,Medium
C0315,7,162,118.30428571428571,828.13,817.2429000000004,Low
C0316,7,29,262.11285714285714,1834.79,1835.1260000000004,Medium
C0317,8,134,214.10125000000002,1712.8100000000002,1710.031899999999,Medium
C0318,16,55,212.430625,3398.89,3401.5587000000046,High
C0319,6,18,190.49333333333334,1142.96,1145.760799999999,Low
C0320,9,82,252.57555555555558,2273.1800000000003,2273.378200000002,Medium
C0321,8,456,178.68,1429.44,1430.0842000000005,Low
C0322,6,128,196.6,1179.6,1177.1827000000005,Low
C0323,7,227,142.73142857142858,999.12,999.6695999999994,Low
C0324,11,134,225.03454545454545,2475.38,2475.4554000000016,Medium
C0325,8,364,172.02375,1376.19,1374.4473000000007,Low
C0326,9,69,205.14333333333332,1846.29,1846.0393,Medium
C0327,15,34,144.56733333333335,2168.51,2166.2682000000004,Medium
C0328,7,221,254.71142857142857,1782.98,1777.5763999999992,Medium
C0329,7,6,164.12714285714284,1148.8899999999999,1149.213200000001,Low
C0330,10,69,220.205,2202.05,2199.8205999999973,Medium
C0331,13,29,240.52923076923076,3126.88,3126.2166000000025,High
C0332,7,67,271.32142857142856,1899.25,1898.9101000000012,Medium
C0333,6,17,173.28,1039.68,1042.4903,Low
C0334,12,15,253.275,3039.3,3037.477999999997,High
C0335,11,74,243.0881818181818,2673.97,2673.0938000000006,Medium
C0336,11,38,287.27000000000004,3159.9700000000003,3158.1383999999985,High
C0337,10,135,158.756,1587.56,1587.1749999999986,Medium
C0338,13,225,194.05153846153846,2522.67,2523.100300000003,Medium
C0339,9,27,240.39555555555555,2163.56,2163.322099999999,Medium
C0340,12,40,228.755,2745.06,2743.220299999999,Medium
C0341,9,17,138.6177777777778,1247.5600000000002,1246.7125999999985,Low
C0342,11,13,217.56272727272727,2393.19,2394.246000000001,Medium
C0343,13,111,190.0553846153846,2470.72,2470.4177,Medium
C0344,12,14,207.77416666666667,2493.29,2494.4113000000016,Medium
C0345,12,103,226.65583333333333,2719.87,2720.4743999999987,Medium
C0346,7,146,229.77714285714288,1608.44,1608.599600000002,Medium
C0347,5,109,105.45599999999999,527.28,521.5392999999992,Low
C0348,11,77,135.93545454545455,1495.29,1493.681699999999,Low
C0349,13,20,177.2730769230769,2304.5499999999997,2303.134799999996,Medium
C0350,10,37,163.86499999999998,1638.6499999999999,1637.8835999999976,Medium
C0351,4,330,155.1875,620.75,616.6102999999998,Low
C0352,9,224,206.70333333333332,1860.33,1858.1466999999984,Medium
C0353,6,25,121.205,727.23,729.0043000000002,Low
C0354,9,95,191.1577777777778,1720.42,1720.0050000000015,Medium
C0355,12,221,179.235,2150.82,2150.5623000000032,Medium
C0356,10,52,248.214,2482.14,2477.973800000001,Medium
C0357,8,274,201.19625,1609.57,1609.129200000003,Medium
C0358,7,38,218.8342857142857,1531.84,1530.1017999999988,Medium
C0359,8,112,176.7625,1414.1,1413.601300000002,Low
C0360,10,92,256.491,2564.91,2564.905500000002,Medium
C0361,11,0,223.12545454545455,2454.38,2453.792800000003,Medium
C0362,6,103,227.73000000000002,1366.38,1372.9833999999992,Low
C0363,12,26,168.77666666666667,2025.32,2026.1066000000026,Medium
C0364,16,125,254.34812499999998,4069.5699999999997,4139.372999999996,High
C0365,9,264,168.6877777777778,1518.19,1516.281700000001,Medium
C0366,11,11,178.91636363636363,1968.08,1969.1602999999998,Medium
C0367,13,55,320.0392307692308,4160.51,4176.199100000003,High
C0368,8,112,178.89625,1431.17,1430.6412999999989,Low
C0369,11,1,164.42727272727274,1808.7,1808.9203999999997,Medium
C0370,7,33,235.94,1651.58,1652.0819000000001,Medium
C0371,10,246,212.296,2122.96,2125.107000000003,Medium
C0372,5,3,144.326,721.63,724.3296,Low
C0373,7,34,201.58142857142857,1411.07,1411.8494000000026,Low
C0374,8,69,202.62875,1621.03,1621.168,Medium
C0375,13,20,187.43307692307692,2436.63,2435.6706000000013,Medium
C0376,14,53,198.27285714285716,2775.82,2774.9520000000034,Medium
C0377,8,127,151.275,1210.2,1210.9359999999988,Low
C0378,13,100,177.23999999999998,2304.12,2303.1932999999963,Medium
C0379,7,112,260.4957142857143,1823.47,1823.6094000000005,Medium
C0380,11,53,181.62272727272727,1997.85,1997.5570000000007,Medium
C0381,14,13,175.19642857142858,2452.75,2452.978000000002,Medium
C0382,10,13,203.355,2033.55,2034.4391999999987,Medium
C0383,10,263,159.88000000000002,1598.8000000000002,1595.612900000001,Medium
C0384,12,82,235.93499999999997,2831.22,2833.461499999999,Medium
C0385,8,123,183.51625,1468.13,1468.053900000001,Low
C0386,13,160,195.03076923076924,2535.4,2535.1802999999964,Medium
C0387,16,148,146.045625,2336.73,2337.311700000003,Medium
C0388,10,49,187.34,1873.4,1875.0691999999979,Medium
C0389,4,258,87.62,350.48,346.9989999999996,Low
C0390,15,39,167.814,2517.21,2517.577699999999,Medium
C0391,11,105,193.7618181818182,2131.38,2129.558000000003,Medium
C0392,10,406,144.03699999999998,1440.37,1439.5005999999985,Low
C0393,10,88,253.627,2536.27,2536.921899999996,Medium
C0394,4,421,136.8975,547.59,550.012399999999,Low
C0395,8,7,228.18,1825.44,1824.5861000000011,Medium
C0396,7,414,149.9414285714286,1049.5900000000001,1050.0138999999988,Low
C0397,10,48,269.286,2692.86,2691.981699999998,Medium
C0398,8,2,230.5075,1844.06,1844.390599999999,Medium
C0399,10,57,122.048,1220.48,1218.2667999999994,Low
C0400,9,228,193.54333333333332,1741.8899999999999,1739.4432000000015,Medium
C0401,18,57,246.5983333333333,4438.7699999999995,4423.161000000001,High
C0402,8,28,297.97625,2383.81,2384.4782999999993,Medium
C0403,7,34,202.05142857142854,1414.36,1413.7925,Low
C0404,8,29,301.1325,2409.06,2409.0779999999986,Medium
C0405,13,93,174.53153846153845,2268.91,2268.064800000003,Medium
C0406,9,104,180.0088888888889,1620.08,1619.9621,Medium
C0407,11,42,234.52454545454546,2579.77,2578.6725999999985,Medium
C0408,9,86,247.40444444444444,2226.64,2226.166300000003,Medium
C0409,5,184,266.726,1333.6299999999999,1333.8984,Low
C0410,8,146,367.09000000000003,2936.7200000000003,2936.6351999999983,Medium
C0411,6,55,268.9533333333333,1613.72,1613.612200000001,Medium
C0412,9,170,227.84555555555556,2050.61,2055.0265999999992,Medium
C0413,7,158,128.57,899.99,901.1618000000005,Low
C0414,13,8,174.79846153846154,2272.38,2272.4373000000023,Medium
C0415,7,82,181.85857142857142,1273.01,1274.3965999999994,Low
C0416,10,34,168.107,1681.07,1680.8456000000037,Medium
C0417,5,57,255.064,1275.32,1276.0729000000022,Low
C0418,6,40,131.98,791.88,787.6166000000001,Low
C0419,12,38,164.59166666666667,1975.1000000000001,1972.4752000000026,Medium
C0420,15,101,233.268,3499.02,3494.212699999999,High
C0421,10,51,241.07,2410.7,2409.847300000001,Medium
C0422,15,20,187.814,2817.21,2819.1108999999983,Medium
C0423,6,127,163.565,981.39,981.1062999999999,Low
C0424,10,13,185.339,1853.3899999999999,1853.430900000002,Medium
C0425,11,10,175.75909090909093,1933.3500000000001,1933.0745000000024,Medium
C0426,10,34,214.24499999999998,2142.45,2141.9450000000006,Medium
C0427,12,89,210.9416666666667,2531.3,2531.838399999996,Medium
C0428,10,40,166.934,1669.34,1669.3450999999989,Medium
C0429,13,254,241.2069230769231,3135.69,3133.483100000002,High
C0430,4,330,122.97749999999999,491.90999999999997,513.0076999999994,Low
C0431,9,98,253.16777777777781,2278.51,2279.1398000000017,Medium
C0432,10,109,155.44400000000002,1554.44,1554.4139000000007,Medium
C0433,7,92,311.69,2181.83,2180.233299999998,Medium
C0434,8,36,199.6175,1596.94,1596.6497000000018,Medium
C0435,16,41,202.01875,3232.3,3230.5476999999955,High
C0436,12,139,138.95000000000002,1667.4,1667.8309999999992,Medium
C0437,8,1,223.0775,1784.62,1784.087400000001,Medium
C0438,12,105,127.6675,1532.01,1531.9260999999992,Medium
C0439,15,7,212.266,3183.99,3184.366899999998,High
C0440,10,42,220.004,2200.04,2199.0500999999967,Medium
C0441,14,3,194.53785714285715,2723.53,2723.1762,Medium
C0442,12,64,206.42416666666668,2477.09,2474.9029999999984,Medium
C0443,14,186,153.09857142857143,2143.38,2142.9330000000027,Medium
C0444,8,100,216.18625,1729.49,1730.484499999999,Medium
C0445,12,85,192.80416666666667,2313.65,2314.817199999999,Medium
C0446,11,110,280.3354545454545,3083.69,3090.3542,High
C0447,10,33,226.70099999999996,2267.0099999999998,2266.9839000000024,Medium
C0448,7,113,260.57142857142856,1824.0,1823.9026000000003,Medium
C0449,9,58,318.55555555555554,2867.0,2867.3119999999994,Medium
C0450,15,19,153.554,2303.31,2302.7287999999976,Medium
C0451,9,73,87.13444444444445,784.21,783.4096000000001,Low
C0452,11,147,165.39545454545453,1819.35,1817.6758000000002,Medium
C0453,11,158,266.86,2935.46,2936.1013999999977,Medium
C0454,8,20,221.005,1768.04,1767.8454999999985,Medium
C0455,14,69,171.88785714285714,2406.43,2406.776599999996,Medium
C0456,9,120,209.79444444444445,1888.15,1889.7102999999975,Medium
C0457,10,201,217.38299999999998,2173.83,2170.3384999999967,Medium
C0458,6,62,229.09,1374.54,1375.807099999999,Low
C0459,13,74,126.76153846153846,1647.9,1647.8155999999976,Medium
C0460,10,85,133.263,1332.63,1332.9880000000014,Low
C0461,7,44,222.93714285714285,1560.56,1560.723599999999,Medium
C0462,8,9,128.69625,1029.57,1029.6025000000013,Low
C0463,8,91,202.26375000000002,1618.1100000000001,1620.1841999999995,Medium
C0464,6,93,165.45,992.6999999999999,995.6179999999991,Low
C0465,8,147,234.66875,1877.35,1877.9607000000024,Medium
C0466,7,96,185.1185714285714,1295.83,1294.4135000000006,Low
C0467,12,141,187.37333333333333,2248.48,2247.334900000002,Medium
C0468,6,24,177.265,1063.59,1064.0258999999983,Low
C0469,7,25,163.90428571428575,1147.3300000000002,1148.1424000000009,Low
C0470,5,323,180.35,901.75,902.4719999999999,Low
C0471,17,71,208.36470588235292,3542.2,3539.282900000005,High
C0472,7,415,220.73,1545.11,1544.564599999998,Medium
C0473,6,152,209.33,1255.98,1257.3119,Low
C0474,12,79,158.52916666666667,1902.3500000000001,1900.9190000000024,Medium
C0475,6,140,145.405,872.4300000000001,872.883099999999,Low
C0476,13,10,147.45923076923077,1916.97,1914.8427999999994,Medium
C0477,15,38,142.81066666666666,2142.16,2142.5418000000027,Medium
C0478,7,273,106.14714285714285,743.03,742.8202999999994,Low
C0479,4,99,204.35000000000002,817.4000000000001,816.4198999999999,Low
C0480,12,38,236.0525,2832.63,2835.6845000000003,Medium
C0481,12,126,205.22833333333332,2462.74,2462.763599999998,Medium
C0482,10,128,147.977,1479.77,1479.5442999999996,Low
C0483,11,4,190.06363636363633,2090.7,2089.696700000002,Medium
C0484,5,206,254.71000000000004,1273.5500000000002,1274.0145000000014,Low
C0485,16,25,273.32,4373.12,4395.188799999996,High
C0486,5,230,148.8,744.0,744.1236,Low
C0487,7,212,140.88857142857142,986.22,984.8073999999993,Low
C0488,10,141,189.873,1898.73,1898.4661000000008,Medium
C0489,11,41,191.4436363636364,2105.88,2106.4778000000024,Medium
C0490,15,24,139.87333333333333,2098.1,2099.2870000000016,Medium
C0491,11,91,159.36363636363637,1753.0,1753.8603999999996,Medium
C0492,10,232,212.60999999999999,2126.1,2126.1338000000037,Medium
C0493,10,199,128.185,1281.85,1280.9105000000015,Low
C0494,17,58,241.6329411764706,4107.76,4151.071099999996,High
C0495,10,5,268.191,2681.91,2684.9970000000003,Medium
C0496,8,14,107.325,858.6,857.1609000000005,Low
C0497,11,3,214.3018181818182,2357.32,2355.940900000002,Medium
C0498,8,55,184.31875,1474.55,1475.7238,Low
C0499,14,107,198.12285714285716,2773.7200000000003,2772.8354000000018,Medium
C0500,14,5,116.25785714285713,1627.61,1626.8668000000005,Medium
C0501,8,133,294.4975,2355.98,2355.408700000003,Medium
C0502,9,16,237.94,2141.46,2141.7911999999988,Medium
C0503,12,7,189.80166666666665,2277.62,2277.963899999999,Medium
C0504,11,17,223.49181818181816,2458.41,2459.4566000000013,Medium
C0505,11,53,183.9109090909091,2023.02,2023.586599999998,Medium
C0506,10,14,155.45999999999998,1554.6,1553.7849000000017,Medium
C0507,7,141,242.43857142857146,1697.0700000000002,1697.9082000000033,Medium
C0508,12,238,129.35833333333332,1552.3,1553.4520000000002,Medium
C0509,11,72,188.42181818181817,2072.64,2071.7679000000026,Medium
C0510,5,316,169.634,848.17,850.7340999999993,Low
C0511,14,106,258.1714285714286,3614.4,3614.0552000000025,High
C0512,8,44,121.61,972.88,974.8261000000006,Low
C0513,8,30,242.66,1941.28,1941.8220000000001,Medium
C0514,9,153,156.73222222222222,1410.59,1409.714100000002,Low
C0515,10,52,280.06100000000004,2800.61,2801.260099999996,Medium
C0516,13,172,228.0523076923077,2964.68,2965.779199999996,Medium
C0517,13,42,168.59846153846152,2191.7799999999997,2192.7547999999983,Medium
C0518,10,101,175.808,1758.08,1757.626199999998,Medium
C0519,10,270,237.539,2375.39,2375.6294000000016,Medium
C0520,14,59,205.54,2877.56,2877.662699999998,Medium
C0521,10,140,169.563,1695.6299999999999,1696.0446000000018,Medium
C0522,7,60,138.31857142857143,968.23,969.7652000000005,Low
C0523,11,12,197.19909090909093,2169.19,2167.6818999999987,Medium
C0524,11,191,143.4390909090909,1577.83,1577.1198999999997,Medium
C0525,12,88,185.64083333333335,2227.69,2227.012800000002,Medium
C0526,15,136,221.70266666666666,3325.54,3320.1037999999994,High
C0527,7,48,355.5042857142857,2488.5299999999997,2495.160100000002,Medium
C0528,12,23,200.0716666666667,2400.86,2401.314099999999,Medium
C0529,10,53,295.34000000000003,2953.4,2956.721099999999,Medium
C0530,12,20,237.80666666666664,2853.68,2855.0078,Medium
C0531,6,105,111.43833333333333,668.63,673.1359999999993,Low
C0532,11,5,262.83363636363634,2891.17,2890.178300000002,Medium
C0533,9,91,302.39000000000004,2721.51,2721.6530000000016,Medium
C0534,8,33,212.77875,1702.23,1700.9553000000008,Medium
C0535,6,90,204.49666666666667,1226.98,1229.4865000000007,Low
C0536,8,131,226.98125,1815.85,1815.4085000000027,Medium
C0537,16,83,179.72625,2875.62,2875.8659999999973,Medium
C0538,11,10,262.64363636363635,2889.08,2889.1291999999976,Medium
C0539,4,60,155.695,622.78,616.2905999999996,Low
C0540,14,183,171.92642857142854,2406.97,2406.5375,Medium
C0541,9,162,146.53444444444443,1318.81,1318.1032999999986,Low
C0542,13,146,204.06153846153848,2652.8,2649.398199999996,Medium
C0543,5,95,252.87199999999999,1264.36,1263.1209999999999,Low
C0544,10,221,178.603,1786.0300000000002,1781.8970999999985,Medium
C0545,1,464,420.54,420.54,413.5484000000002,Low
C0546,11,187,207.83545454545455,2286.19,2285.7134,Medium
C0547,13,25,274.7246153846154,3571.42,3575.7378000000003,High
C0548,10,251,256.40299999999996,2564.0299999999997,2564.6229000000003,Medium
C0549,9,119,124.0611111111111,1116.55,1112.4737999999995,Low
C0550,14,157,205.2214285714286,2873.1000000000004,2874.3485999999994,Medium
C0551,12,76,163.2575,1959.09,1961.3042999999989,Medium
C0552,6,104,137.435,824.61,819.2921000000003,Low
C0553,10,42,168.101,1681.01,1680.8162000000013,Medium
C0554,15,51,156.83733333333333,2352.56,2352.3600999999985,Medium
C0555,5,194,168.06,840.3,848.6436999999995,Low
C0556,14,71,248.3685714285714,3477.16,3478.5232999999953,High
C0557,11,144,233.2972727272727,2566.27,2565.6749999999984,Medium
C0558,14,35,188.6107142857143,2640.55,2642.4509999999973,Medium
C0559,15,40,180.30266666666665,2704.54,2705.1855000000023,Medium
C0560,11,152,182.8018181818182,2010.8200000000002,2010.5314999999982,Medium
C0561,12,32,236.88583333333335,2842.63,2839.9011000000023,Medium
C0562,8,186,312.39625,2499.17,2499.3705000000027,Medium
C0563,13,76,237.91923076923075,3092.95,3094.0313000000037,High
C0564,10,5,175.849,1758.49,1758.577399999998,Medium
C0565,8,15,138.515,1108.12,1105.9707999999998,Low
C0566,12,29,175.31583333333333,2103.79,2103.993100000002,Medium
C0567,13,23,181.12692307692308,2354.65,2354.4236999999985,Medium
C0568,8,355,145.0925,1160.74,1161.6975000000011,Low
C0569,8,0,198.5325,1588.26,1588.1988000000006,Medium
C0570,9,7,230.03,2070.27,2069.1621999999993,Medium
C0571,14,59,195.58357142857145,2738.17,2739.9602000000014,Medium
C0572,9,111,283.0677777777778,2547.61,2545.7869999999975,Medium
C0573,14,18,200.19285714285712,2802.7,2803.3743000000018,Medium
C0574,14,82,255.5092857142857,3577.13,3574.6717000000035,High
C0575,15,14,228.12333333333333,3421.85,3418.708999999999,High
C0576,8,2,174.4125,1395.3,1394.5453000000011,Low
C0577,5,186,121.99600000000001,609.98,610.4347000000005,Low
C0578,8,97,292.2225,2337.78,2337.9511,Medium
C0579,8,269,173.65625,1389.25,1390.9196000000013,Low
C0580,11,194,139.0390909090909,1529.4299999999998,1529.5850999999975,Medium
C0581,8,222,144.10375,1152.83,1153.6940000000013,Low
C0582,13,55,188.2276923076923,2446.96,2446.7984999999985,Medium
C0583,7,29,132.46714285714285,927.27,926.4865000000004,Low
C0584,12,16,251.99750000000003,3023.9700000000003,3025.7926999999986,High
C0585,4,131,173.695,694.78,705.0041000000004,Low
C0586,10,102,246.17399999999998,2461.74,2462.6216999999974,Medium
C0587,7,91,169.32999999999998,1185.31,1182.1970999999992,Low
C0588,14,127,221.67142857142858,3103.4,3105.5793000000017,High
C0589,10,17,183.70700000000002,1837.0700000000002,1836.762200000002,Medium
C0590,7,33,234.07857142857142,1638.55,1638.2891999999981,Medium
C0591,7,35,131.54,920.78,924.7034000000004,Low
C0592,6,11,250.87166666666667,1505.23,1504.1022,Medium
C0593,8,21,200.885,1607.08,1607.2603999999992,Medium
C0594,10,208,146.03,1460.3,1460.5979,Low
C0595,5,235,242.55,1212.75,1210.5897,Low
C0596,13,27,113.40846153846154,1474.31,1476.1507999999988,Low
C0597,7,111,294.4142857142857,2060.9,2061.5696999999964,Medium
C0598,11,206,205.27727272727273,2258.05,2258.0944,Medium
C0599,9,15,172.10333333333335,1548.93,1550.0524999999977,Medium
C0600,3,148,115.12,345.36,337.4012999999996,Low
C0601,14,198,167.04714285714286,2338.66,2338.757800000002,Medium
C0602,13,291,246.9253846153846,3210.0299999999997,3214.0650999999966,High
C0603,4,426,168.45749999999998,673.8299999999999,671.8951000000005,Low
C0604,10,26,179.402,1794.02,1794.3704999999993,Medium
C0605,10,140,181.708,1817.08,1815.7727000000011,Medium
C0606,12,173,167.20416666666668,2006.45,2003.8361000000004,Medium
C0607,13,83,242.01076923076923,3146.14,3148.5472000000063,High
C0608,12,98,169.575,2034.8999999999999,2034.4319999999973,Medium
C0609,9,6,138.71444444444444,1248.4299999999998,1247.0827999999979,Low
C0610,16,127,183.306875,2932.91,2934.6933999999983,Medium
C0611,12,20,158.00833333333333,1896.1,1896.3177000000017,Medium
C0612,12,5,155.47833333333332,1865.74,1865.4921999999988,Medium
C0613,16,120,180.186875,2882.99,2882.126299999997,Medium
C0614,7,153,280.40285714285716,1962.82,1966.2092000000002,Medium
C0615,9,125,271.7722222222222,2445.95,2446.1325000000024,Medium
C0616,11,66,179.19636363636363,1971.1599999999999,1970.5666000000017,Medium
C0617,7,28,74.92999999999999,524.51,524.3151999999998,Low
C0618,13,91,202.76923076923077,2636.0,2642.7071999999985,Medium
C0619,10,72,186.669,1866.69,1866.3254000000002,Medium
C0620,13,15,149.3176923076923,1941.13,1941.2949000000028,Medium
C0621,10,66,156.356,1563.56,1563.4053999999987,Medium
C0622,11,237,290.97818181818184,3200.76,3207.109999999998,High
C0623,11,167,213.72272727272727,2350.95,2352.338000000003,Medium
C0624,9,1,199.63333333333333,1796.7,1795.848800000001,Medium
C0625,10,23,232.625,2326.25,2327.016900000001,Medium
C0626,7,42,221.78857142857143,1552.52,1553.4529999999993,Medium
C0627,5,24,128.272,641.36,644.2449999999997,Low
C0628,13,60,271.3523076923077,3527.58,3530.638100000001,High
C0629,11,41,236.52272727272728,2601.75,2601.3754000000017,Medium
C0630,13,36,247.31692307692308,3215.12,3217.076699999997,High
C0631,11,119,138.99818181818182,1528.98,1530.0829,Medium
C0632,7,353,295.4328571428572,2068.03,2067.5889999999986,Medium
C0633,7,41,211.99,1483.93,1483.1668999999974,Low
C0634,13,25,109.33,1421.29,1420.3081999999984,Low
C0635,6,12,235.60666666666668,1413.64,1413.0578000000005,Low
C0636,5,121,311.498,1557.49,1557.3562999999997,Medium
C0637,9,82,266.8722222222222,2401.85,2402.0861000000004,Medium
C0638,13,42,186.40846153846152,2423.31,2423.421599999999,Medium
C0639,10,74,168.774,1687.74,1687.5983000000008,Medium
C0640,8,46,174.0875,1392.7,1392.6648,Low
C0641,7,198,239.07857142857142,1673.55,1673.6853000000003,Medium
C0642,8,206,196.26749999999998,1570.1399999999999,1570.3183000000017,Medium
C0643,7,103,154.11285714285714,1078.79,1078.8380999999986,Low
C0644,8,194,223.26500000000001,1786.1200000000001,1782.2568999999992,Medium
C0645,11,126,225.8527272727273,2484.38,2480.564100000002,Medium
C0646,12,4,205.6925,2468.31,2468.9215999999988,Medium
C0647,5,96,175.044,875.22,874.7668000000001,Low
C0648,12,57,201.1191666666667,2413.4300000000003,2413.0949999999975,Medium
C0649,9,173,171.34666666666666,1542.12,1542.7700999999977,Medium
C0650,12,91,240.92499999999998,2891.1,2888.8799000000013,Medium
C0651,8,21,199.23125,1593.85,1595.6080000000013,Medium
C0652,8,16,161.67625,1293.41,1294.0019000000016,Low
C0653,11,92,217.0390909090909,2387.43,2388.815900000005,Medium
C0654,9,41,285.83444444444444,2572.51,2572.532700000004,Medium
C0655,10,80,208.66199999999998,2086.62,2086.485399999999,Medium
C0656,8,20,117.19,937.52,938.0872000000003,Low
C0657,11,78,118.83727272727273,1307.21,1310.6920999999993,Low
C0658,16,4,180.125625,2882.01,2881.9962000000005,Medium
C0659,15,70,198.68133333333333,2980.22,2979.681699999999,Medium
C0660,14,38,181.54,2541.56,2540.926199999999,Medium
C0661,16,74,266.163125,4258.61,4252.802599999998,High
C0662,15,4,295.6313333333334,4434.47,4430.921799999994,High
C0663,14,125,230.23000000000002,3223.2200000000003,3217.330199999997,High
C0664,17,60,178.66764705882352,3037.35,3036.9737999999993,High
C0665,10,14,146.356,1463.56,1464.3616999999995,Low
C0666,15,7,221.41333333333333,3321.2,3321.3469000000027,High
C0667,7,197,223.3457142857143,1563.42,1563.6607999999997,Medium
C0668,6,46,199.04333333333332,1194.26,1194.4508999999982,Low
C0669,9,82,126.50222222222222,1138.52,1148.1640000000011,Low
C0670,16,231,126.70125,2027.22,2026.4772000000005,Medium
C0671,2,494,199.24,398.48,393.34970000000015,Low
C0672,14,55,140.41928571428573,1965.8700000000001,1965.8946999999985,Medium
C0673,10,86,241.862,2418.62,2419.4428999999977,Medium
C0674,10,6,183.653,1836.53,1836.4476000000004,Medium
C0675,12,119,229.75,2757.0,2755.9643,Medium
C0676,13,180,199.89153846153846,2598.59,2599.284399999998,Medium
C0677,7,58,289.9142857142857,2029.4,2030.1675999999975,Medium
C0678,8,5,270.6275,2165.02,2164.1634999999997,Medium
C0679,9,49,231.96000000000004,2087.6400000000003,2087.5593,Medium
C0680,6,22,238.03,1428.18,1428.959099999998,Low
C0681,11,165,235.25363636363636,2587.79,2588.0411000000017,Medium
C0682,10,91,221.446,2214.46,2214.518499999999,Medium
C0683,8,47,136.17625,1089.41,1089.657100000002,Low
C0684,5,53,119.5,597.5,598.2613999999998,Low
C0685,18,90,194.59055555555557,3502.63,3496.7833000000014,High
C0686,10,491,277.217,2772.17,2772.2787000000035,Medium
C0687,13,70,188.3353846153846,2448.36,2448.636799999995,Medium
C0688,12,2,198.33166666666668,2379.98,2378.0113999999985,Medium
C0689,9,151,140.21222222222224,1261.91,1262.3671000000015,Low
C0690,10,163,222.041,2220.41,2217.9318000000003,Medium
C0691,12,92,193.05499999999998,2316.66,2317.3194000000017,Medium
C0692,9,63,149.30333333333334,1343.73,1344.3828,Low
C0693,17,62,197.17058823529413,3351.9,3343.5690999999993,High
C0694,9,113,165.7211111111111,1491.49,1491.6786000000006,Low
C0695,7,266,238.39000000000001,1668.73,1668.8976000000016,Medium
C0696,10,90,162.798,1627.98,1627.1188,Medium
C0697,4,44,128.8975,515.59,521.097599999999,Low
C0698,10,99,264.11,2641.1,2641.4406999999997,Medium
C0699,15,1,239.578,3593.67,3589.0303999999996,High
C0700,16,29,245.43062500000002,3926.8900000000003,3925.778100000005,High
C0701,10,29,187.75,1877.5,1877.5699999999997,Medium
C0702,11,171,211.73090909090908,2329.04,2327.8082000000018,Medium
C0703,8,78,319.99,2559.92,2561.2477000000044,Medium
C0704,15,3,190.82666666666668,2862.4,2865.684199999999,Medium
C0705,4,123,84.9625,339.85,343.0030999999996,Low
C0706,2,579,114.425,228.85,246.9600999999996,Low
C0707,5,282,67.164,335.82,338.6434999999996,Low
C0708,8,10,281.82125,2254.57,2255.950800000004,Medium
C0709,11,197,176.56181818181818,1942.18,1942.3697999999972,Medium
C0710,11,19,167.34727272727275,1840.8200000000002,1841.5672000000027,Medium
C0711,6,154,185.885,1115.31,1116.1671999999992,Low
C0712,9,156,223.50333333333333,2011.53,2011.4368999999995,Medium
C0713,6,45,218.37,1310.22,1311.0134000000005,Low
C0714,11,66,214.40272727272725,2358.43,2355.195500000001,Medium
C0715,9,82,147.19222222222223,1324.73,1327.719800000001,Low
C0716,7,148,167.32142857142858,1171.25,1170.1590999999994,Low
C0717,4,162,149.88,599.52,597.3709999999995,Low
C0718,8,323,186.73625,1493.89,1494.0909000000008,Low
C0719,4,177,312.3825,1249.53,1249.6309999999999,Low
C0720,16,44,203.045625,3248.73,3245.0100999999977,High
C0721,11,49,191.63090909090909,2107.94,2107.1866000000014,Medium
C0722,8,66,180.57625,1444.61,1443.2088000000003,Low
C0723,4,6,94.145,376.58,369.8379000000005,Low
C0724,7,339,273.17857142857144,1912.25,1910.9119999999998,Medium
C0725,10,53,181.856,1818.56,1818.0053999999998,Medium
C0726,22,4,166.97863636363635,3673.5299999999997,3664.7187000000017,High
C0727,14,7,148.5407142857143,2079.57,2080.895800000003,Medium
C0728,12,24,250.43583333333333,3005.23,3008.752400000003,High
C0729,9,65,254.90555555555557,2294.15,2293.5116999999973,Medium
C0730,9,103,209.11555555555555,1882.04,1880.8561000000004,Medium
C0731,10,24,208.115,2081.15,2081.686099999998,Medium
C0732,12,77,152.4,1828.8,1829.1665999999989,Medium
C0733,9,122,170.78666666666666,1537.08,1537.6961999999987,Medium
C0734,12,14,187.1191666666667,2245.4300000000003,2245.3934999999988,Medium
C0735,10,79,208.052,2080.52,2081.0950999999973,Medium
C0736,14,7,178.2864285714286,2496.01,2496.2713000000026,Medium
C0737,6,173,262.75,1576.5,1576.7038,Medium
C0738,11,20,195.84909090909093,2154.34,2155.0172000000016,Medium
C0739,11,259,260.59090909090907,2866.5,2867.231,Medium
C0740,10,46,298.21500000000003,2982.15,2982.1404999999995,Medium
C0741,8,197,222.4,1779.2,1774.2424999999985,Medium
C0742,6,436,252.36666666666667,1514.2,1513.6043,Medium
C0743,7,151,152.12285714285716,1064.8600000000001,1063.7095999999997,Low
C0744,8,334,135.27875,1082.23,1082.2286999999997,Low
C0745,7,111,130.0857142857143,910.6,905.9589000000004,Low
C0746,7,10,316.08,2212.56,2213.4470999999985,Medium
C0747,5,70,362.358,1811.79,1813.0256000000008,Medium
C0748,11,142,218.34272727272727,2401.77,2401.5623999999975,Medium
C0749,13,17,176.6169230769231,2296.02,2296.6546999999964,Medium
C0750,8,97,213.2475,1705.98,1707.9907999999996,Medium
C0751,13,274,124.21076923076923,1614.74,1613.4656000000002,Medium
C0752,10,152,262.025,2620.25,2620.572000000002,Medium
C0753,11,122,164.41909090909093,1808.6100000000001,1809.0103999999983,Medium
C0754,10,326,128.211,1282.1100000000001,1280.8033000000014,Low
C0755,7,36,290.8457142857143,2035.92,2036.2441000000035,Medium
C0756,6,251,299.335,1796.01,1796.593600000001,Medium
C0757,7,45,115.66857142857144,809.6800000000001,810.5390999999995,Low
C0758,17,15,139.61882352941177,2373.52,2374.4501999999966,Medium
C0759,12,53,202.96833333333333,2435.62,2435.3791999999985,Medium
C0760,6,72,288.25666666666666,1729.54,1730.8672000000006,Medium
C0761,12,43,211.495,2537.94,2538.3947000000007,Medium
C0762,9,13,246.57222222222222,2219.15,2217.642100000001,Medium
C0763,12,197,213.51083333333335,2562.13,2563.006400000002,Medium
C0764,10,104,234.494,2344.94,2345.0840000000007,Medium
C0765,5,66,207.56799999999998,1037.84,1037.8443,Low
C0766,5,205,217.76,1088.8,1089.0444000000016,Low
C0767,8,65,179.38625,1435.09,1434.571499999998,Low
C0768,10,147,184.453,1844.53,1845.428600000001,Medium
C0769,9,145,138.82888888888888,1249.46,1249.1523000000013,Low
C0770,11,180,225.44909090909093,2479.94,2477.6043000000013,Medium
C0771,8,110,130.925,1047.4,1049.2369999999987,Low
C0772,12,88,213.73749999999998,2564.85,2564.797800000002,Medium
C0773,4,136,266.46000000000004,1065.8400000000001,1065.3578999999984,Low
C0774,10,105,242.315,2423.15,2423.526599999998,Medium
C0775,5,32,195.666,978.33,979.0769000000007,Low
C0776,19,2,192.61684210526315,3659.72,3655.293499999994,High
C0777,5,124,134.80599999999998,674.03,675.0619999999996,Low
C0778,11,91,178.49727272727273,1963.47,1964.7766000000004,Medium
C0779,13,36,213.53923076923078,2776.01,2775.927700000002,Medium
C0780,9,1,303.2311111111111,2729.08,2725.9525999999983,Medium
C0781,14,37,151.96928571428572,2127.57,2126.4375000000036,Medium
C0782,5,48,150.916,754.5799999999999,751.6900000000007,Low
C0783,16,55,146.736875,2347.79,2346.742800000001,Medium
C0784,8,22,202.9275,1623.42,1622.8589000000006,Medium
C0785,13,13,201.18076923076922,2615.35,2617.5469000000026,Medium
C0786,3,117,145.17666666666668,435.53000000000003,427.19589999999954,Low
C0787,13,97,172.7076923076923,2245.2,2245.0496000000026,Medium
C0788,6,86,205.69500000000002,1234.17,1231.783500000001,Low
C0789,8,252,151.85625000000002,1214.8500000000001,1213.5367000000015,Low
C0790,10,19,271.83299999999997,2718.33,2719.299399999997,Medium
C0791,11,98,304.1027272727273,3345.13,3344.9415000000013,High
C0792,11,63,237.01545454545456,2607.17,2607.1459000000045,Medium
C0793,8,14,130.235,1041.88,1043.404,Low
C0794,15,104,188.96066666666667,2834.41,2832.8628,Medium
C0795,9,312,216.08444444444444,1944.76,1944.5761000000014,Medium
C0796,11,6,121.27,1333.97,1334.2894000000006,Low
C0797,11,20,164.90636363636364,1813.97,1813.8522000000005,Medium
C0798,11,127,189.5218181818182,2084.7400000000002,2084.723899999998,Medium
C0799,7,48,239.69285714285712,1677.85,1679.6320000000023,Medium
C0800,16,2,244.695625,3915.13,3917.801800000001,High
C0801,7,6,180.53714285714287,1263.76,1263.8439999999996,Low
C0802,12,145,163.8525,1966.23,1966.5211000000015,Medium
C0803,12,139,172.90083333333334,2074.81,2072.4322000000025,Medium
C0804,14,277,180.04214285714286,2520.59,2521.0699999999997,Medium
C0805,13,16,185.22076923076924,2407.87,2407.841599999998,Medium
C0806,12,133,190.60833333333335,2287.3,2285.872499999998,Medium
C0807,10,89,203.692,2036.92,2036.1962000000026,Medium
C0808,7,39,188.52142857142857,1319.65,1318.329399999999,Low
C0809,3,255,165.91666666666666,497.75,509.41119999999967,Low
C0810,7,165,223.48000000000002,1564.3600000000001,1564.1807999999985,Medium
C0811,8,171,276.30875000000003,2210.4700000000003,2212.637499999999,Medium
C0812,4,99,302.515,1210.06,1209.1547999999993,Low
C0813,10,135,240.195,2401.95,2401.599400000002,Medium
C0814,10,132,250.281,2502.81,2501.7761,Medium
C0815,11,187,152.69454545454548,1679.64,1680.2264000000014,Medium
C0816,10,189,181.37,1813.7,1813.6618000000014,Medium
C0817,13,121,193.39615384615385,2514.15,2515.8069000000005,Medium
C0818,5,234,200.164,1000.8199999999999,1000.1591000000011,Low
C0819,10,199,158.613,1586.13,1586.2943000000007,Medium
C0820,11,7,300.4654545454545,3305.12,3313.9018999999994,High
C0821,7,224,117.04142857142858,819.2900000000001,814.9326000000002,Low
C0822,18,33,193.53222222222223,3483.58,3481.5817999999977,High
C0823,7,148,254.6942857142857,1782.86,1778.3535999999992,Medium
C0824,9,27,231.57000000000002,2084.13,2084.786599999998,Medium
C0825,19,34,250.02947368421056,4750.56,4650.503899999999,High
C0826,9,43,197.59333333333333,1778.34,1777.9372999999975,Medium
C0827,9,338,144.86,1303.74,1308.9104999999993,Low
C0828,15,16,193.73999999999998,2906.1,2910.2187000000013,Medium
C0829,7,4,216.2671428571429,1513.8700000000001,1513.3960999999983,Medium
C0830,11,60,208.16272727272727,2289.79,2287.0264999999995,Medium
C0831,14,44,171.895,2406.53,2406.721599999998,Medium
C0832,13,84,154.0376923076923,2002.49,2001.6151999999984,Medium
C0833,14,9,174.5542857142857,2443.7599999999998,2443.9117000000006,Medium
C0834,9,226,117.44555555555556,1057.01,1057.3601999999983,Low
C0835,11,101,217.21727272727273,2389.39,2389.579400000005,Medium
C0836,11,183,224.14363636363635,2465.58,2466.850399999997,Medium
C0837,12,110,202.47333333333333,2429.68,2429.465899999996,Medium
C0838,9,303,156.51222222222225,1408.6100000000001,1408.5509000000018,Low
C0839,4,199,147.595,590.38,596.1356999999992,Low
C0840,16,44,167.29,2676.64,2675.3855000000026,Medium
C0841,6,207,121.52166666666666,729.13,730.674,Low
C0842,8,179,175.64625,1405.17,1403.6949000000002,Low
C0843,8,174,208.69,1669.52,1669.2848999999997,Medium
C0844,9,64,264.26666666666665,2378.4,2377.8737999999976,Medium
C0845,9,15,194.95666666666665,1754.61,1755.4545999999975,Medium
C0846,9,78,148.70555555555555,1338.35,1335.7269999999999,Low
C0847,7,364,172.28142857142856,1205.97,1206.5141,Low
C0848,11,18,233.6618181818182,2570.28,2571.2004000000006,Medium
C0849,16,15,296.380625,4742.09,4663.992500000006,High
C0850,14,67,157.27642857142857,2201.87,2198.9019999999973,Medium
C0851,8,48,137.98125,1103.85,1104.194900000001,Low
C0852,13,3,205.59923076923076,2672.79,2673.302200000001,Medium
C0853,13,32,195.38538461538462,2540.01,2539.9588000000017,Medium
C0854,9,189,163.33777777777777,1470.04,1469.2801999999992,Low
C0855,13,25,188.67153846153846,2452.73,2453.0702000000038,Medium
C0856,9,109,183.70333333333332,1653.33,1653.105999999999,Medium
C0857,8,59,299.57625,2396.61,2396.4638999999966,Medium
C0858,13,17,239.28,3110.64,3110.755100000005,High
C0859,10,53,158.46099999999998,1584.61,1584.9857999999995,Medium
C0860,6,164,139.71833333333333,838.31,847.3981999999997,Low
C0861,9,15,260.1122222222223,2341.01,2340.0204000000026,Medium
C0862,8,143,170.90375,1367.23,1369.2528999999997,Low
C0863,7,133,124.6842857142857,872.79,872.2937999999991,Low
C0864,12,3,130.91833333333332,1571.02,1571.0892000000003,Medium
C0865,7,286,144.52714285714288,1011.69,1010.656800000001,Low
C0866,13,49,231.32846153846154,3007.27,3009.224200000003,High
C0867,11,7,141.39727272727274,1555.3700000000001,1553.7741000000015,Medium
C0868,9,28,181.97666666666666,1637.79,1638.005799999998,Medium
C0869,10,293,244.32,2443.2,2443.699200000003,Medium
C0870,6,344,259.59666666666664,1557.58,1557.8790999999992,Medium
C0871,12,16,179.76666666666665,2157.2,2155.7609000000025,Medium
C0872,14,21,209.7835714285714,2936.97,2936.7608999999984,Medium
C0873,9,25,136.92777777777778,1232.35,1232.261900000002,Low
C0874,6,281,219.39166666666665,1316.35,1316.3326000000009,Low
C0875,7,25,285.91857142857145,2001.43,2001.193699999997,Medium
C0876,10,4,159.356,1593.56,1594.6608999999999,Medium
C0877,14,49,279.5571428571429,3913.8,3925.2084999999975,High
C0878,9,5,228.05333333333334,2052.48,2055.0453,Medium
C0879,6,3,117.935,707.61,709.8436000000003,Low
C0880,6,110,136.49666666666667,818.98,817.6360000000001,Low
C0881,16,24,190.158125,3042.53,3042.0826,High
C0882,9,16,148.44222222222223,1335.98,1335.3695999999995,Low
C0883,15,17,207.75733333333335,3116.36,3115.955399999997,High
C0884,13,70,153.71384615384616,1998.28,1996.3790999999994,Medium
C0885,10,19,194.84300000000002,1948.43,1944.9863,Medium
C0886,11,57,187.28272727272727,2060.11,2060.8750999999966,Medium
C0887,12,103,240.005,2880.06,2880.848599999998,Medium
C0888,12,133,169.17416666666668,2030.0900000000001,2029.5417999999984,Medium
C0889,13,51,197.85692307692307,2572.14,2572.2417000000055,Medium
C0890,10,142,160.857,1608.57,1608.285300000003,Medium
C0891,19,151,224.4763157894737,4265.05,4252.858199999993,High
C0892,10,68,226.51999999999998,2265.2,2266.0432000000033,Medium
C0893,11,138,198.98090909090908,2188.79,2193.5363999999986,Medium
C0894,9,237,119.87333333333332,1078.86,1078.6895999999992,Low
C0895,10,83,134.63,1346.3,1345.6290000000008,Low
C0896,6,221,130.15333333333334,780.9200000000001,780.9846999999994,Low
C0897,13,4,247.66384615384615,3219.63,3220.474200000001,High
C0898,7,45,185.16857142857143,1296.18,1295.8041999999978,Low
C0899,13,13,171.6776923076923,2231.81,2230.890899999999,Medium
C0900,12,119,219.14166666666665,2629.7,2619.426900000004,Medium
C0901,8,105,241.67,1933.36,1933.9606999999978,Medium
C0902,12,44,155.38333333333333,1864.6,1865.7777999999992,Medium
C0903,10,7,115.40799999999999,1154.08,1155.3848000000012,Low
C0904,8,179,166.6525,1333.22,1333.0273000000009,Low
C0905,11,70,266.1181818181818,2927.3,2925.274499999996,Medium
C0906,11,6,275.7990909090909,3033.79,3036.249599999999,High
C0907,7,248,214.14857142857142,1499.04,1498.307599999999,Low
C0908,6,43,205.95166666666668,1235.71,1234.6660000000013,Low
C0909,13,20,224.6553846153846,2920.52,2920.129299999998,Medium
C0910,7,180,236.26857142857142,1653.8799999999999,1653.4744000000014,Medium
C0911,10,183,160.732,1607.32,1607.4316000000024,Medium
C0912,14,128,205.54642857142858,2877.65,2877.7072999999973,Medium
C0913,11,0,194.61363636363637,2140.75,2141.0110999999997,Medium
C0914,11,27,200.99636363636364,2210.96,2211.835799999999,Medium
C0915,18,58,210.1688888888889,3783.04,3779.0727000000015,High
C0916,9,102,203.42999999999998,1830.87,1831.4921999999988,Medium
C0917,16,49,194.3225,3109.16,3108.7121999999986,High
C0918,7,313,220.62285714285713,1544.36,1544.5085999999983,Medium
C0919,14,156,182.26571428571427,2551.72,2548.6576999999997,Medium
C0920,15,85,180.81133333333335,2712.17,2712.9657000000034,Medium
C0921,18,21,201.77277777777778,3631.91,3640.0682999999954,High
C0922,8,141,151.43625,1211.49,1211.6607000000006,Low
C0923,13,272,144.4123076923077,1877.3600000000001,1877.0618999999979,Medium
C0924,9,60,221.83333333333334,1996.5,1997.2289,Medium
C0925,17,106,177.2094117647059,3012.56,3009.2929000000026,High
C0926,8,231,179.98875,1439.91,1439.5092000000016,Low
C0927,8,219,101.4925,811.94,811.0563000000009,Low
C0928,9,94,298.6088888888889,2687.48,2687.7286000000017,Medium
C0929,21,104,156.00333333333333,3276.07,3271.022100000004,High
C0930,11,166,151.08545454545455,1661.94,1663.0368000000008,Medium
C0931,4,189,140.435,561.74,560.3428999999993,Low
C0932,9,343,192.59555555555556,1733.3600000000001,1732.0428999999986,Medium
C0933,7,97,235.14000000000001,1645.98,1646.290000000001,Medium
C0934,11,43,261.2845454545455,2874.13,2874.080100000002,Medium
C0935,10,121,215.211,2152.11,2152.197299999999,Medium
C0936,18,91,217.7811111111111,3920.06,3912.8904999999986,High
C0937,15,87,210.69933333333333,3160.49,3156.601700000002,High
C0938,14,46,203.1442857142857,2844.02,2841.026199999999,Medium
C0939,10,5,155.411,1554.11,1553.7481000000014,Medium
C0940,15,23,148.33733333333333,2225.06,2226.2803999999983,Medium
C0941,6,1,221.98833333333334,1331.93,1332.4996999999976,Low
C0942,10,232,152.14000000000001,1521.4,1525.0173999999988,Medium
C0943,11,126,221.01090909090908,2431.12,2430.8031999999953,Medium
C0944,11,41,234.13090909090909,2575.44,2574.713000000003,Medium
C0945,12,3,225.01416666666668,2700.17,2702.217700000003,Medium
C0946,13,150,184.55153846153846,2399.17,2398.805000000002,Medium
C0947,16,87,153.089375,2449.43,2449.2117999999955,Medium
C0948,7,139,132.70285714285714,928.9200000000001,923.4443000000006,Low
C0949,7,67,205.21714285714285,1436.52,1436.3824999999988,Low
C0950,8,200,269.45375,2155.63,2156.707500000002,Medium
C0951,8,117,165.95374999999999,1327.6299999999999,1328.1889000000012,Low
C0952,12,154,257.5133333333333,3090.16,3095.4045,High
C0953,10,402,243.539,2435.39,2435.601900000004,Medium
C0954,8,34,330.8425,2646.74,2643.405299999998,Medium
C0955,11,130,131.4518181818182,1445.97,1446.2809000000007,Low
C0956,15,26,281.022,4215.33,4220.883600000003,High
C0957,9,28,184.04222222222222,1656.38,1654.8714000000016,Medium
C0958,15,174,178.18666666666667,2672.8,2673.3287999999966,Medium
C0959,9,6,198.78666666666666,1789.08,1790.321699999999,Medium
C0960,9,241,184.44333333333333,1659.99,1662.8657000000003,Medium
C0961,5,48,235.35399999999998,1176.77,1177.2902000000001,Low
C0962,15,100,198.02133333333333,2970.32,2969.9121000000027,Medium
C0963,16,104,185.3975,2966.36,2966.1776999999947,Medium
C0964,7,321,153.88857142857142,1077.22,1077.9877000000004,Low
C0965,6,91,272.305,1633.83,1634.8040999999982,Medium
C0966,8,138,128.085,1024.68,1023.5080999999986,Low
C0967,6,0,145.00166666666667,870.01,871.2576999999993,Low
C0968,11,23,192.43,2116.73,2114.8269000000028,Medium
C0969,5,195,190.128,950.64,953.7679999999999,Low
C0970,8,12,243.0275,1944.22,1944.3838000000005,Medium
C0971,13,14,179.05307692307693,2327.69,2327.224400000001,Medium
C0972,8,95,274.1825,2193.46,2195.2392999999984,Medium
C0973,18,78,166.80277777777778,3002.45,3004.462900000004,High
C0974,15,78,177.46066666666667,2661.91,2666.6776999999975,Medium
C0975,10,91,206.027,2060.27,2060.9436999999966,Medium
C0976,9,32,184.80888888888887,1663.28,1663.3310999999999,Medium
C0977,8,146,147.18625,1177.49,1174.9404000000013,Low
C0978,9,30,300.44,2703.96,2705.5207000000005,Medium
C0979,6,4,258.13,1548.78,1550.2465999999974,Medium
C0980,10,278,164.86999999999998,1648.6999999999998,1648.3586999999993,Medium
C0981,11,347,168.99181818181816,1858.9099999999999,1858.4279000000004,Medium
C0982,8,20,136.94375000000002,1095.5500000000002,1095.502600000001,Low
C0983,11,49,204.3063636363636,2247.37,2247.079599999999,Medium
C0984,15,24,218.08466666666666,3271.27,3266.8356999999996,High
C0985,12,139,199.00583333333336,2388.07,2388.2100000000046,Medium
C0986,11,9,249.0609090909091,2739.67,2743.1437,Medium
C0987,10,43,202.951,2029.51,2029.4678999999987,Medium
C0988,17,121,221.59117647058824,3767.05,3769.6039999999975,High
C0989,7,29,225.29285714285714,1577.05,1577.0296000000003,Medium
C0990,12,21,297.60999999999996,3571.3199999999997,3575.9828,High
C0991,8,209,88.8275,710.62,710.7754000000006,Low
C0992,9,14,195.4788888888889,1759.31,1759.0266999999983,Medium
C0993,12,56,190.14666666666665,2281.7599999999998,2281.194100000001,Medium
C0994,10,178,180.76000000000002,1807.6000000000001,1808.1064000000024,Medium
C0995,7,607,346.1114285714286,2422.78,2422.9714999999987,Medium
C0996,7,124,184.81,1293.67,1293.3756000000008,Low
C0997,10,107,169.83300000000003,1698.3300000000002,1697.4026,Medium
C0998,7,115,166.61285714285714,1166.29,1167.0927999999979,Low
C0999,9,118,160.06,1440.54,1438.8031999999992,Low
C1000,4,89,64.48,257.92,281.50829999999945,Low
